0.097493330984731563, 0.019070024084709276, 0.082003340591277868 
0.126488586835202144, 0.053946404745337788, 0.045410355835586266 
0.005347265267787414, 0.074737722649099364, 0.036795616071511439 
0.052354835221758968, 0.010143933263921099, 0.013469701961141809 
0.034516472413176930, 0.077569709195209585, 0.081609818282640897 
0.047194403788942664, 0.066199548651874454, 0.096572619866512263 
0.086722243643830660, 0.005510993056844774, 0.053730899619056485 
0.102417348317498311, 0.083144887017828920, 0.078931587369452619 
0.115761827755155533, 0.035833800898387197, 0.021445534531187135 
0.028159478946053390, 0.031246476632356281, 0.019630138503263693 
0.087644961653846151, 0.025565338936301585, 0.012781938003353146 
0.113831074059750223, 0.080480474108054631, 0.032693510745891913 
0.074514963442018758, 0.039042088250708859, 0.008461533433265856 
0.093768327732961440, 0.096081411066838027, 0.037427445211308578 
0.060612278402595129, 0.007304510849808890, 0.083734642716268126 
0.106776657722841145, 0.069386125648723068, 0.090618089536994947 
0.051727027742456556, 0.103023308195439478, 0.019537089178056598 
0.117739816897414112, 0.030358581657575046, 0.059943115267991988 
0.067551799265545359, 0.030530850189191404, 0.009935197342050435 
0.063306391623356800, 0.062537349149751689, 0.011280439216674723 
0.079466520850687686, 0.062103781858031476, 0.007050445992714561 
0.083223820442624663, 0.085036930222399040, 0.006384659061504121 
0.055108164715233880, 0.044152216713746070, 0.013424886256644588 
0.046045450884977641, 0.101511238357350042, 0.037142306911411939 
0.026617109578644625, 0.045999409338635264, 0.020465864607710629 
0.074844209232571901, 0.070889468694794289, 0.101489403159759808 
0.063512639821401415, 0.044966646718375032, 0.010998993501496518 
0.035036258751395676, 0.078498149310527912, 0.018460075631813573 
0.039466627373863146, 0.014255031756135697, 0.017064601868823116 
0.080818977711677328, 0.045626193584279724, 0.032879163072910139 
0.043476209674163088, 0.026596981439711995, 0.016017217477616356 
0.108410525072411820, 0.035218688255426525, 0.006772347804139852 
0.051414286649935491, 0.028222683690397401, 0.014127628632730694 
0.025901605670645068, 0.006445623846914897, 0.021176749123151546 
0.019398661008697100, 0.014208879986113570, 0.050317845089381037 
0.018125946981502498, 0.040771802568160584, 0.073434774549682877 
0.032310907949276241, 0.096522976151143025, 0.048873807007858872 
0.079234110582708697, 0.069894334244547343, 0.007350817968729426 
0.081178510520519526, 0.010461331176128633, 0.079222101739937281 
0.076522132790286121, 0.033714629251470583, 0.103521775760133702 
0.073994326645914404, 0.096856521777442445, 0.077602146988280413 
0.098956197291985945, 0.088605400622983888, 0.021158769177041209 
0.042953776215564524, 0.001489279280953844, 0.024218071973181345 
0.033007851783025302, 0.056244776080768874, 0.088511642154403408 
0.042075831807503697, 0.033021004306130294, 0.093599337623841192 
0.031701804795072501, 0.013681411345354390, 0.074295311075333381 
0.115436303700996210, 0.043070223890913840, 0.086079765259461455 
0.094535104653137331, 0.095924158071892182, 0.060126914610756158 
0.047933493362193082, 0.096519043470368354, 0.069248159755912489 
0.047318786281628784, 0.001525129202179372, 0.063409300487743930 
0.122322448941305770, 0.061258713156357399, 0.068875412341473999 
0.096339173014721530, 0.049169895254842541, 0.103189905740509819 
0.056433913702541957, 0.083602984190686874, 0.091210679727502506 
0.120507440060526508, 0.053433877711148395, 0.022214265681668878 
0.088000346698161189, 0.084783431681453011, 0.091649369997117550 
0.028977084144545629, 0.087779045805963338, 0.065599321745217348 
0.122463815694145245, 0.038756905909258149, 0.038044132944085290 
0.017447604465220933, 0.013024951211320839, 0.033875113457111777 
0.045133938180723567, 0.023852656192231033, 0.092542720378584353 
0.012405371593301084, 0.020127123767064603, 0.024028388449160467 
0.091137780751815112, 0.064291593859208435, 0.102202174763650275 
0.028556170668859522, 0.005514021436346835, 0.037988275498012272 
0.002113208008587307, 0.058419101564440690, 0.049564374078782253 
0.089793880492835307, 0.092499881564070227, 0.019122789693756932 
0.038627375297448294, 0.045359297091884188, 0.017486118962327532 
0.014514324824031519, 0.083585571581998239, 0.049372377965674383 
0.104061151910526353, 0.069150930244547784, 0.078311248555772539 
0.069140261979291906, 0.049841536651143187, 0.104520208528382688 
0.012039146852790150, 0.030193445042859444, 0.058651127701453587 
0.062127314978531183, 0.020143405603560573, 0.097548140112400483 
0.045476480810493360, 0.088230576846578687, 0.080335869958773148 
0.114576979596471493, 0.027144446133403187, 0.031013493800518710 
0.050088842630432666, 0.088893664779151949, 0.014469337689313853 
0.095004358599139208, 0.029710269178116089, 0.097489442478386576 
0.107367877838603812, 0.021428084399822106, 0.023495152751481209 
0.083289156434136424, 0.010392313664137487, 0.012263803555754222 
0.001213455427626969, 0.061665335275079204, 0.035008827386760373 
0.031343868413153328, 0.039698143932426488, 0.087351131838657059 
0.120154640152367390, 0.074400464520815598, 0.047904616069924237 
0.079932566410503933, 0.017942297465490590, 0.094478653276203806 
0.008315070699099746, 0.053318906365930487, 0.061715827391046973 
0.037576125393085434, 0.002620558825743042, 0.052380657729295774 
0.123466023493300742, 0.049395830779311881, 0.030337407886342524 
0.002524455396923591, 0.036363773647398477, 0.032326526346396448 
0.109939906382848021, 0.074626575172142454, 0.016133343477202130 
0.081156597120325608, 0.101530952305566163, 0.048080296464344342 
0.111534778480445199, 0.027714244790032247, 0.075504692578889504 
0.071964147640565523, 0.087941101650416839, 0.090530880922674695 
0.125470815720571643, 0.045922460762950708, 0.059858972934523066 
0.059036849280481252, 0.036532442082229534, 0.102484780468843489 
0.031644139461339288, 0.006526898259240038, 0.058114273111914361 
0.015546520504933319, 0.087559147849091287, 0.033865343773764392 
0.106422140805954801, 0.088522688015202591, 0.046603785228714015 
0.035228305061015347, 0.088638915937755636, 0.071013561350816962 
0.095759054780555866, 0.011530031001439759, 0.028241365300734053 
0.046449516573269491, 0.101498196675252311, 0.053994224071166046 
0.018098146950789682, 0.058258088232679708, 0.075452296061100071 
0.063316714494606810, 0.102465405807842816, 0.065895667451052395 
0.079346961396847993, 0.003590919021539078, 0.063321517782269646 
0.107781232118029938, 0.044292623004088628, 0.082366681733567995 
0.073582381424841969, 0.094334300242038066, 0.037371983035541241 
0.018129125900721969, 0.029451122660029857, 0.066151130842557110 
0.015475304297589915, 0.077144682203538484, 0.060916091915804403 
0.061453392651128778, 0.103496858009026943, 0.032743447114305414 
0.041217690298121966, 0.093538002135495929, 0.016535961768042298 
0.122557404343344528, 0.065446070674873985, 0.035102339681349917 
0.021584669468080919, 0.019026390793937784, 0.064080701148842817 
0.088629073307485554, 0.092555381665584746, 0.077788069652441200 
0.115373960738713602, 0.059501883123463044, 0.085441931627905407 
0.071116060510946030, 0.001528881011990175, 0.034390508066650775 
0.030986423058241081, 0.096502808938981818, 0.032936965841902491 
0.012347292505423940, 0.053083449295502814, 0.053010359462333970 
0.113695142276638878, 0.071673308367365837, 0.076885526701981996 
0.049860250623249183, 0.070395932467247666, 0.014493237313183905 
0.008458178374752335, 0.024374438614788465, 0.040640579401754806 
0.022445867001375984, 0.071516635612831350, 0.074463288570010444 
0.063743399654287200, 0.077054072923711525, 0.010706162284378156 
0.055998214630667807, 0.000018378529899656, 0.051585941665472430 
0.041722344571662122, 0.008401196082992125, 0.077745383472389976 
0.018541108054640675, 0.044370139054041656, 0.022515406824797964 
0.004434003736220569, 0.067895232881601611, 0.049980057551466422 
0.099532178258834161, 0.040818453692082486, 0.001962604186808456 
0.025845973385328385, 0.028974831871405277, 0.077372749275952793 
0.088739473976651204, 0.019074756230122537, 0.004511935507898341 
0.101156362195110996, 0.051955362936186279, 0.001526446341915535 
0.051998923768597709, 0.005464916407322672, 0.077984391836462483 
0.115726492641122919, 0.047983669930514866, 0.016332831004617902 
0.105267682665072956, 0.020158302218943980, 0.068427759953103642 
0.060004740771165188, 0.094516001246981118, 0.080042431109084475 
0.092706512343332437, 0.070689987271468788, 0.012322298836183524 
0.106767734461379632, 0.057349397812138110, 0.095660137520841848 
0.103871588033033022, 0.088542608011397225, 0.030786501087646464 
0.076630348995890774, 0.101471045030035345, 0.063825829407378326 
0.000540800762555432, 0.056008055297402354, 0.031443083955547090 
0.121024848879678279, 0.040528518055357614, 0.072032398439562884 
0.106604111097775733, 0.031448442515875266, 0.089298882189320888 
0.068100719824563075, 0.012785081422387216, 0.091348380399268389 
0.005496740125804388, 0.041754400060429561, 0.055893717193386906 
0.023060367244325784, 0.020353730909592690, 0.021469429837894193 
0.091569513783907486, 0.073236370485497235, 0.003875625789916659 
0.115204744681283194, 0.024655430846025929, 0.042802973227327255 
0.107538591790116878, 0.083940762644803046, 0.025804475346363660 
0.109524248932673179, 0.066867900961199808, 0.004774059097811125 
0.049281611676482810, 0.032323241351476253, 0.098003489537524732 
0.073773465447308270, 0.032220036213995058, 0.017962793516926413 
0.098423286907502960, 0.092335739095598099, 0.032296595813931434 
0.037473274281471403, 0.042536139347516010, 0.092471538594114014 
0.124483438611635036, 0.063417082323157431, 0.059781244961254386 
0.084525054687070306, 0.040508075279288402, 0.040182740637270543 
0.096620550585300086, 0.023231188325301810, 0.063916892028773084 
0.082473201168531976, 0.041837546811795703, 0.105478366619048053 
0.108491098469711472, 0.031186142812521186, 0.013952349350017440 
0.099076470568699920, 0.011593449740206273, 0.050343009131694344 
0.056946624313349466, 0.035916358736089581, 0.012519642648034044 
0.010881823509283097, 0.083396647757368145, 0.024510270638236024 
0.096353514874627372, 0.077716983090846445, 0.093429629757631028 
0.071501131438776233, 0.063750781520271346, 0.009042504702683118 
0.059715724808116252, 0.076385623484418075, 0.097136584164780090 
0.101853824722558162, 0.089891099222531912, 0.065647670000263197 
0.125485671514240421, 0.045914386514474249, 0.049645891286643734 
0.057405261953396167, 0.019115652070573669, 0.082269443033682998 
0.106867596271460585, 0.043598805340710735, 0.095562558587505578 
0.008603337149890667, 0.068066172205054079, 0.024859302669508504 
0.119791670335858025, 0.070529398552123160, 0.063123671934911058 
0.057880455172395644, -0.000006248260693590, 0.035391212416105003 
0.086598091413306447, 0.065892153166006606, 0.005482742019862061 
0.083486768158183247, 0.039483636674044531, 0.006014749991418052 
0.085559348506638905, 0.032374739698059950, 0.005518123585756180 
0.019250028245232156, 0.028692140642181521, 0.022479149015669532 
0.090314530579978569, 0.012838456184525683, 0.076139937134064500 
0.034710005068442670, 0.069779001065250132, 0.086631078054878019 
0.039616597337440849, 0.053979480382614964, 0.094143916162183108 
0.037731269864941928, 0.064725013751584695, 0.017524685686061275 
0.114000512648941704, 0.082513061400777882, 0.050455297521713877 
0.028406630208162410, 0.081496595505008956, 0.035799877689813367 
0.053939106388789029, 0.102523614170017902, 0.053967860648886284 
0.036379966796516894, 0.021767292012828357, 0.084787356307357425 
0.023798680768306928, 0.046685830216661006, 0.031000117643070545 
0.116944409839802838, 0.077510369993192621, 0.056675132675294997 
0.025971702716034401, 0.046846661233089705, 0.083478655291926329 
0.044324921888572018, 0.015286505051041644, 0.087052077538022660 
0.082110898286625877, 0.100524908655592243, 0.040896661369264779 
0.121498374498543740, 0.041012435593437944, 0.029830690104790499 
0.122109541977299688, 0.052334100223464956, 0.075437295651752154 
0.105347361671496914, 0.081772696224575753, 0.017652622386427817 
0.022750303418996452, 0.091303028803775943, 0.046131877323149537 
0.072889975236982305, 0.041632240431738424, 0.104518373366425887 
0.042629195789981714, 0.099211546726952413, 0.025418445775064722 
0.000531219053379549, 0.047552240876316897, 0.044357270291321839 
0.072433998251241069, 0.018427988765320841, 0.096846289319813247 
0.012699401054257108, 0.038202350241964847, 0.065227249387492248 
0.116055546361121142, 0.069759108527337299, 0.021540786863553804 
0.064120373168440770, 0.100512452616905362, 0.017789328800783835 
0.080889349831146179, 0.091502154630466070, 0.085556091931861339 
0.047430080804736680, 0.037262434428274392, 0.015059067800579567 
0.002518124550846294, 0.066468041732459196, 0.041761525444844662 
0.095583683810287451, 0.010233223983352498, 0.038920743516898344 
0.067914276782642669, 0.006067533112062453, 0.078558825192366233 
0.098800767701836475, 0.028660209453155998, 0.002507575336476059 
0.057753551513036058, 0.061075527522888452, 0.101474893992087464 
0.023308728133683062, 0.008257192736211059, 0.030782269484449787 
0.031620832676916857, 0.053153811412923677, 0.018994930230001809 
0.006087268842090848, 0.060410648692614199, 0.057202540089886983 
0.057538651143763359, 0.001284429765395172, 0.013680001140249413 
0.025186580792597228, 0.065071532751961175, 0.080502896964064638 
0.012600444391062037, 0.022324830127910884, 0.050381930939769975 
0.051601367010369707, 0.000038014574077496, 0.039952654831976769 
0.056453454303752267, 0.051738678372712600, 0.101884294999156758 
0.028435016021506176, 0.006482964245918343, 0.048630379919420354 
0.090306076016947734, 0.088345453423755438, 0.011270986106296536 
0.068614392901326954, 0.073501256469519216, 0.028269769868762656 
0.069468215695454943, 0.014227388811946089, 0.009497793904731723 
0.079710355581672568, 0.085493910404113069, 0.092927231399698565 
0.086040874394259309, 0.077000015298608296, 0.005477043024656122 
0.074055684130925725, 0.058622704626518127, 0.104462299634221586 
0.093781433926799079, 0.021997428867268801, 0.091623040957337198 
0.035321091888194225, 0.007244818185401209, 0.068557586358792555 
0.068640141091976289, 0.092812627855039256, 0.009524020162268229 
0.103022055282302710, 0.078299039571325266, 0.009727332076565976 
0.006436279097764247, 0.029135888102147851, 0.047264574982943230 
0.111844917222721191, 0.051383276927360354, 0.011439369391041744 
0.092886115361555194, 0.093572050685477651, 0.027041537891931717 
0.025204583974231129, 0.090605134632596673, 0.054113455369304730 
0.069455435393642323, 0.103516785380299181, 0.057654778577649793 
0.029115761947384980, 0.097550198871275279, 0.024536466452267706 
0.091360467247732682, 0.041744474795258710, 0.004206000320533578 
0.109329980328048804, 0.021709646657158892, 0.060306555310784771 
0.118667507636008002, 0.031225203004675257, 0.049520498397895719 
0.088595541455777319, 0.008463180413819995, 0.032038874887200447 
0.088825536188468238, 0.015530729788345790, 0.085040339102719936 
0.014224740941130283, 0.049461160223232582, 0.069617478489242726 
0.041155191145110660, 0.073043031877817188, 0.016519064808750632 
0.010410031274403804, 0.081798284025114298, 0.041379786752019032 
0.060608684664302859, 0.052027261014716220, 0.011479164811916990 
0.081824708912245081, 0.077569564869045510, 0.097900916282231631 
0.000512419695141650, 0.056903797959051060, 0.042055981973361897 
0.103675370019946686, 0.026404587033606961, 0.006765628509994912 
0.100433152206349893, 0.063690696095881169, 0.098579170570398708 
0.053513495082345895, 0.100901740808950938, 0.063137559471042923 
0.086755268431070856, 0.026659890195779586, 0.099322345556765682 
0.124662866360048211, 0.046686573490884800, 0.039421157556534935 
0.102397166261454939, 0.092100797826640185, 0.055788411175875623 
0.044316309858507222, 0.102004131159984718, 0.019738693107960077 
0.056833487167609067, 0.103471630822694574, 0.045988039577953721 
0.102879938211221794, 0.078375609479916244, 0.087300003539922691 
0.078113237291573295, 0.077728732181213650, 0.007490850764706204 
0.030479001401804269, 0.070887816694579261, 0.019462981097163486 
0.092839281706596319, 0.087971457365312936, 0.083583472080115712 
0.033432228857028463, 0.021146550067366821, 0.018526751563768117 
0.016720323968092074, 0.090863089031800903, 0.026397364112912585 
0.037956048184856428, 0.001557457077912576, 0.032675675737646404 
0.092547783927409838, 0.054890239297785387, 0.003497971860926472 
0.017822320219405198, 0.011578755307099295, 0.024267109316987709 
0.100179121383934755, 0.042242572351018595, 0.099618531902764318 
0.023454675605539911, 0.093885995171722192, 0.028611987870319804 
0.092764012601776732, 0.008317516306498901, 0.048172278722719994 
0.026512146695644362, 0.080717974853123847, 0.020461706759521307 
0.091304915978553655, 0.057398305518755820, 0.103909766465411432 
0.058911996415452007, 0.013687563549481018, 0.091506901899645929 
0.064452185444247509, 0.010780162745216251, 0.024036772525928118 
0.029028995043823655, 0.081081508516377201, 0.073468649256532126 
0.069111205099962020, 0.026670591310876752, 0.101464329395084651 
0.075206283304066007, 0.005514632951044109, 0.072609100506493149 
0.005361277185351342, 0.026267806179919816, 0.031730628510556802 
0.074910399350795853, 0.079690844705886749, 0.097476433644412705 
0.056534306683645175, 0.060822530375481992, 0.034612446567339729 
0.052850788013262817, 0.076548850015811604, 0.094489661692252314 
0.052748090129261044, 0.103341842252211838, 0.029701633501783745 
0.081263560906537941, 0.065158994585307828, 0.103498509261292504 
0.012312015921433056, 0.059145238624166326, 0.066724279320222193 
0.053205584903741110, 0.024443461814130749, 0.097052614676565091 
0.059043191953902112, 0.103495716455911213, 0.024912518503522656 
0.105612391794441013, 0.044001863475039718, 0.050774695124117537 
0.010933955751423415, 0.076855424768946537, 0.053493238353218030 
0.112445867843227382, 0.025873500580846004, 0.066893031887258952 
0.050109618337924253, 0.072809298336791700, 0.062417141502042355 
0.077093580322740940, 0.031304558391470116, 0.007498199650352688 
0.082836159240428073, 0.097790554509082542, 0.070742842386285212 
0.124501731947556329, 0.063611583932150675, 0.042775021531819203 
0.106115724614591830, 0.026233595089095681, 0.082572415859219428 
0.122210205527707727, 0.037469231120344712, 0.055613846422049459 
0.047596923860269764, 0.091685397228954052, 0.036332973601237210 
0.120484685646094533, 0.073288384306465837, 0.039134420236846545 
0.097726200081948628, 0.089153093963471389, 0.074594639800970350 
0.117603530046351892, 0.069322850865892599, 0.069833612606314835 
0.040679043604001257, 0.090849155399896242, 0.043724483016563030 
0.034749524065827597, 0.002711294929959842, 0.042223570085485447 
0.071247615455790031, 0.001503269526966326, 0.058785929438161078 
0.082259386227006931, 0.004589662693832108, 0.037535094334607604 
0.125479074492104103, 0.055907785833408656, 0.037204766051210633 
0.112207531132727606, 0.050684477691704116, 0.091355704241617847 
0.038882679271910636, 0.035976452388029379, 0.017489229225983827 
0.077700181031889429, 0.049478616052907112, 0.105529012628252206 
0.125475379749170557, 0.055200115002191755, 0.063050742016365333 
0.045992093346163332, 0.005129733229321333, 0.015526066563198356 
0.003490588928987585, 0.050082371356663088, 0.053564607753915736 
0.023878889379032257, 0.012155659005968130, 0.057507652558870123 
0.080514962622406080, 0.096480079303366981, 0.020204601581353124 
0.091272074032934636, 0.026843662671115653, 0.004265642080163365 
0.022286602149866240, 0.037289901702041925, 0.021497196452614987 
0.114365290075887652, 0.024841893192371921, 0.054097713972380862 
0.028000505058264933, 0.012534098641929545, 0.066031859442802987 
0.065406254060996732, 0.099064060542528434, 0.075435726889194227 
0.024596404777745523, 0.038724228107867839, 0.080474022030618361 
0.055350258026839391, 0.097023841229478130, 0.013196781316357356 
0.088369406865510564, 0.099479799914472325, 0.053151748634257812 
0.024317577055328846, 0.022283147384988929, 0.071015985441569285 
0.006596970783495196, 0.052508482758662565, 0.025476476255854051 
0.079407650019268722, 0.047852042203292526, 0.007128098409627377 
0.093487690701144890, 0.034791336935579766, 0.003489307097190778 
0.112976624107172394, 0.066718600418597618, 0.014233408297581750 
0.042079971138299657, 0.084137971734751307, 0.016491080257369020 
0.103512442247618880, 0.034462254652712916, 0.000959985020375944 
0.084207768479906006, 0.007587658706088790, 0.070505650118928800 
0.036567648207825515, 0.098482379963714034, 0.022375356321967181 
0.057100679794871725, 0.009730235278065238, 0.029762755318231724 
0.071366072437168124, 0.079557380342074907, 0.009184902945701311 
0.110473544239970689, 0.021000850718917996, 0.032410337304596887 
0.079386091023992231, 0.013501011063051257, 0.088036709870846774 
0.112245807260975772, 0.068306257166366915, 0.084166279691578916 
0.065082070226904140, 0.093445244709612657, 0.027623328281532210 
0.030402602437570439, 0.061795637098877268, 0.029967703171314267 
0.100927622894090685, 0.092509778528380229, 0.041385447247372115 
0.126499182490568685, 0.052071776444315120, 0.055056317421239273 
0.097472923590057353, 0.070242081313532420, 0.002463097360868663 
0.065874927219198048, 0.000031664827262939, 0.042762545394436711 
0.037380362091714116, 0.006064322904415017, 0.017518639871502515 
0.017447363833377090, 0.065032511934644391, 0.071834420466359336 
0.117417858838008676, 0.064315104590968522, 0.077265637568910001 
0.033176664413906744, 0.086483470056726991, 0.018529132535466942 
0.099332757028774296, 0.015895771748492420, 0.019871623243864624 
0.059557552336948219, 0.069760106724158930, 0.011866234492970962 
0.112696365679214733, 0.034288628896764581, 0.083941199034509278 
0.109408217353040779, 0.086518580792822902, 0.037594649927401851 
0.112441091062419979, 0.077177860274816393, 0.024107578863390784 
0.076963385476826907, 0.019653204921336914, 0.007512588048916323 
0.029387785152010265, 0.013093385418694618, 0.019512437218850386 
0.038493432538706303, 0.097641813108286540, 0.055549303941121848 
0.101617576715648750, 0.015227566019055871, 0.061374168676463600 
0.059533205294841525, 0.028663127839663020, 0.100459037702929854 
0.046588859208760658, 0.000526950797707567, 0.055233611910069202 
0.095735219216237288, 0.047737509747611519, 0.002641202762489859 
0.117677668830074800, 0.032691814585270040, 0.068658071752706232 
0.045183863569606499, 0.063423392539379855, 0.015495429548870211 
0.006507256644878735, 0.075481742503477250, 0.046011667235077457 
0.056798606835270660, 0.098567654521940509, 0.071806482190427914 
0.053869780735601711, 0.089182449353211610, 0.084372269739107345 
0.077305322453870728, 0.004528228168378920, 0.030559603203480074 
0.071825003492331049, 0.100487457009838813, 0.069575885455947575 
0.039494663541635222, 0.003500053170872967, 0.061239085246609322 
0.010871980080085960, 0.044779218163538866, 0.024483668227007607 
0.103422686670327516, 0.015563978466502039, 0.028852105091895775 
0.047240089215365572, 0.047142818506041122, 0.015313791344536299 
0.123894392325651928, 0.048222561311835409, 0.068719702568740076 
0.046243955098868736, 0.017946705403739344, 0.015484626579523347 
0.025054948073589118, 0.055848355549718884, 0.082543203493521441 
0.072138780275797995, 0.023964432807084164, 0.008529810933947359 
0.071593010911320365, 0.076913062914240202, 0.083326130595647252 
0.111592349818068107, 0.040135420062584498, 0.014879050667640826 
0.022351064354968274, 0.010094453902203643, 0.041910150871792777 
0.100412684501298657, 0.025468472141996108, 0.089529313411921663 
0.019554350831753633, 0.026324956467989255, 0.041477300997625081 
0.087221453710675911, 0.049682340339525038, 0.105508547164506347 
0.108511480315646169, 0.040920425960770092, 0.001963446437316539 
0.032238329799027764, 0.048540899032205244, 0.088633002915269946 
0.051518920378825502, 0.000946338838440910, 0.020610425655626350 
0.062215480268497374, 0.044616265126797477, 0.103494744279599732 
0.080867344095508581, 0.075501291611988805, 0.046335858765720904 
0.062451244782586263, 0.089346157806117932, 0.087566235434213574 
0.003177037622012453, 0.068125667276368068, 0.031479525932241022 
0.097616085310136241, 0.016092720919795623, 0.071958950459387577 
0.039567774122673240, 0.054914690370243303, 0.016841177665516186 
0.057313864598014880, 0.045346626995269292, 0.094476688077944224 
0.054961886172093341, 0.103485952184771940, 0.038236923552315033 
0.029938879099356504, 0.095488993338391656, 0.041547462902276990 
0.060688596058482862, 0.103342161236633590, 0.057774261414048241 
0.009017996785267867, 0.082524534957300402, 0.032931097672045766 
0.074483912922079093, 0.006491636637646118, 0.019529863881052534 
0.110230419434177718, 0.062019082657346257, 0.091334350803627423 
0.099581734791810275, 0.056310439580652398, 0.100824238951671932 
0.111584616689406696, 0.028392208033670891, 0.021458092361408099 
0.049310058481410790, 0.048766008664792221, 0.099478624567613555 
0.107705077993571263, 0.071985335374629270, 0.009315821306945245 
0.122471746331847472, 0.039395510820783020, 0.063943085231872795 
0.044608423361849531, 0.099012091390918558, 0.062188917616159314 
0.047530359543511085, 0.055672449951305172, 0.014958646211577999 
0.014762543479947881, 0.016657785491027859, 0.041824022983992293 
0.010109374037895406, 0.027976178332125387, 0.024526351111542687 
0.049575680675954768, 0.091370918459176623, 0.047855486827568204 
0.037679979410325887, 0.098540271320219613, 0.039635591062076911 
0.031098316863088997, 0.093544178450002624, 0.057780444832540467 
0.063796986963393726, 0.092977249091715189, 0.036479560389568205 
0.019741395277777046, 0.048958834125973197, 0.077354209771576657 
0.010711647759625312, 0.059399460639608014, 0.024465358659397096 
0.052653988037188938, 0.041050637313607086, 0.100480217516492734 
0.031882491411966266, 0.040386967788272943, 0.019242697091344695 
0.109479730525137611, 0.047067735939587275, 0.003868258301945164 
0.069421838761975690, 0.071630481641994578, 0.009493667642521721 
0.110517227092610568, 0.060260034628568021, 0.003814492675149612 
0.110454614254535191, 0.054255928182719022, 0.005459812499862927 
0.011398451273577781, 0.018906023398691161, 0.032690466244124056 
0.030688233403313565, 0.030243296323241842, 0.083302264428282008 
0.012984782404225960, 0.070595684191200783, 0.041911256942603822 
0.060578814726161646, 0.046699344180058402, 0.087118220485284920 
0.102191540186120700, 0.034220974802928995, 0.095480063247541144 
0.005517745194386809, 0.075014388103149962, 0.026936452076723245 
0.114924542069900840, 0.081543618717887109, 0.042413673862324031 
0.094156576756075375, 0.052856166309126699, 0.031989353447811668 
0.016922477109332264, 0.021583770903408333, 0.058013804692815259 
0.108418330888097034, 0.087120245129864979, 0.054756847941284589 
0.058048402013110199, 0.053825144569764602, 0.082140957236106066 
0.001521227532375514, 0.042498571386678362, 0.036673491454434624 
0.092616070470359066, 0.094704916337326153, 0.069235526880999071 
0.054300238783213675, 0.068172042183574741, 0.098633835304292858 
0.063722577346123355, 0.002278309481797816, 0.018013524478685448 
0.063577156175275443, 0.000519461409178541, 0.053985575151717882 
0.064571920703193827, 0.000525030623718918, 0.031401911758320085 
0.083520606687442281, 0.035637638775722215, 0.028685154412671117 
0.056132011956492166, 0.040753374545712699, 0.067568446616463398 
0.112502068137162445, 0.060561079030738200, 0.010066024776950941 
0.017292211292376097, 0.072362297992560859, 0.067680143841859330 
0.110341130311223390, 0.039576777795542667, 0.091185321820419454 
0.096797781244379308, 0.082801776576331351, 0.087731333904431441 
0.044462261443222344, 0.004393796727618321, 0.070631066682368460 
0.042839713711109874, 0.092366975758670269, 0.073179170599692353 
0.040310670485513310, 0.061988826447282444, 0.093496621775861655 
0.094811770958444508, 0.048844531813304622, 0.070083205100912607 
0.072540076255208474, 0.009507261102055228, 0.083933885691341026 
0.083882439773692627, 0.074313398129068703, 0.015241701628539170 
0.069502280463984878, 0.003021474372695783, 0.025137211393593234 
0.049014274488679593, 0.000040946939428654, 0.047573515667000341 
0.098368639475132510, 0.079291067480538116, 0.002529599064895347 
0.003478229562522467, 0.032851913855487948, 0.026322141187545930 
0.048627726495981523, 0.097557811555902943, 0.014534569942952111 
0.016419977964945400, 0.067895119121061095, 0.023126482567789701 
0.062932012712883831, 0.097316396471894925, 0.011534606601044170 
0.010547857172093557, 0.037602112094447054, 0.033881268596514455 
0.032817945360454709, 0.094241661022928927, 0.018517367729764797 
0.108793160549763956, 0.050742907126390159, 0.000026163155962101 
0.074489238885740494, 0.008516100153930756, 0.011264475371962866 
0.096608248188913712, 0.020196449507969498, 0.004246446344040119 
0.022376367805675378, 0.073049608017446241, 0.021487431061151203 
0.063834161634269609, 0.103459193650831172, 0.049964059965023663 
0.004439068949379648, 0.041669679296710928, 0.025842250753781187 
0.103934892982670418, 0.073531339292983708, 0.002352649745879799 
0.070424244472581110, 0.098357682745931679, 0.016296938718908194 
0.100257278890280105, 0.058858275703765971, 0.001524435708505481 
0.018701330434890636, 0.085081848799023960, 0.055168082648243695 
0.062523428263566896, 0.008608765719164307, 0.037588781528846649 
0.106838886642282666, 0.056435406055252761, 0.000515594984999944 
0.086067312270255741, 0.034298268143687728, 0.102668945632065287 
0.057997908820815340, 0.103455378342709264, 0.016619755784223450 
0.107681272503445113, 0.075881279128043821, 0.081902216261329014 
0.000532544632289875, 0.049076909349567224, 0.030510127298672252 
0.103153963744205684, 0.066158452064802753, 0.001436405878736721 
0.077788544704450374, 0.013139256559104091, 0.007513100870915179 
0.087967673080984188, 0.006509720385184924, 0.042575653579078096 
0.090561530978677460, 0.013643216952688764, 0.011644183890113794 
0.074609226731755254, 0.086577006521993752, 0.008467263775477896 
0.083175134602234413, 0.014741936921218392, 0.006375106182939136 
0.109699730082958566, 0.055430624845895331, 0.058824630474772703 
0.066966497052960997, 0.095331429287284636, 0.044162437113137068 
0.103472055054698683, 0.061954729009242780, 0.083436710053218330 
0.106886199150278055, 0.062683922423424229, 0.000515270465567152 
0.109143857111572887, 0.040314602722397959, 0.073173585919588280 
0.079173597446513810, 0.092506392886956751, 0.008260543973936923 
0.008459924470462092, 0.069262400076470693, 0.056901800710326654 
0.004901175067530273, 0.063057774672878514, 0.025505487573717196 
0.003813663668521693, 0.047118999796443607, 0.026507809718084665 
0.062029012313010848, 0.031080219586152969, 0.064059596940496524 
0.077093035485491526, 0.084580836905346415, 0.044571389355281536 
0.051384336013781069, 0.093517797745339207, 0.076978568174133219 
0.002885161997417865, 0.058852185489091095, 0.026495918294936905 
0.077267004173884379, 0.035729967738723854, 0.046748707144598452 
0.106320307275753548, 0.066027249555956791, 0.069383099098784484 
0.055091382807268593, 0.073439601441200625, 0.043681396626742856 
0.072837494167518863, 0.053424164806610767, 0.056766198735226668 
0.080774576530817599, 0.067826760237204409, 0.074904172232945848 
0.064939623161123103, 0.041701733320557016, 0.068164637357302299 
0.063457330315072571, 0.031291284946553165, 0.042124361187651491 
0.053532981586366532, 0.031482159116814908, 0.068322192066404136 
0.038712472031977745, 0.049406183511219413, 0.051624784546101761 
0.056141806646307135, 0.055871503299954481, 0.046778919777170087 
0.035604532748239548, 0.034212878297276005, 0.089128717882613923 
0.052790364847325147, 0.044832192061303677, 0.033973504962327185 
0.086293932976165152, 0.033223204894945693, 0.046882611034162094 
0.076653755763744377, 0.044933238648382966, 0.079980962789126558 
0.080929493855641119, 0.025488487334863277, 0.029681699279259240 
0.037653529471674871, 0.025643261251954291, 0.040238998005160037 
0.034097253602406674, 0.067708313000109127, 0.044692533224041937 
0.114819229016637311, 0.067841786753050526, 0.054361252514846782 
0.057447405169749839, 0.071803902570690636, 0.075371640365099316 
0.077182584755151648, 0.027526528250508546, 0.069582791762324001 
0.017587501804009874, 0.045718926187661907, 0.054059753013990332 
0.020541935268939739, 0.050981470251593476, 0.042414108761772380 
0.046023930089943092, 0.058626560087059118, 0.068270608196849325 
0.107730070834289704, 0.072349171541839924, 0.064055722646264662 
0.040700475791631045, 0.023216086024201273, 0.062146787536532536 
0.053482200814902882, 0.018788721978287317, 0.030871607980895620 
0.032912621807984495, 0.064139797450685390, 0.062564104834237438 
0.090647961872937236, 0.076961155894930536, 0.062592747378727581 
0.010754209177073152, 0.056932623333253621, 0.036218453303339858 
0.082193985235206407, 0.040409699000019908, 0.063418540751090199 
0.035332533423260953, 0.033064493490674016, 0.061275841621469790 
0.041842802989481565, 0.079699448373968335, 0.056617485936069772 
0.072648022773051879, 0.022007083155720489, 0.027009229196881177 
0.096681593361343451, 0.023066603633985695, 0.026720391969192923 
0.101090087070552434, 0.069249327556586540, 0.013325049245744134 
0.065998070527418684, 0.027799599639704780, 0.081658163517855029 
0.045587065220756270, 0.062832894047297499, 0.033281386039565597 
0.089156859182529968, 0.033511650266799739, 0.077367223239268576 
0.042251342351733216, 0.084081428284651913, 0.034377584844077477 
0.075189392484151740, 0.019432395597983931, 0.050113918268819210 
0.081973798303534642, 0.029482442767364885, 0.086270321801387592 
0.101122057706167168, 0.037269954066066167, 0.034135933171304304 
0.058866345669297979, -0.000041311504501450, 0.044792232262224743 
0.082852526266850607, 0.054546145452533647, 0.022881987003942610 
0.096179331779628119, 0.067301792300683061, 0.073933537424883899 
0.065674817049272638, 0.037707377169933033, 0.027465737969411642 
0.078979240801640066, 0.002521098809090818, 0.054531599130499347 
0.096054324457120227, 0.032417321338836624, 0.061031071506889384 
0.066554307197340401, 0.086346722544708571, 0.046040761660284805 
0.099847373982037316, 0.059813231598345312, 0.019145592203191623 
0.054955532378867702, 0.000529980526182775, 0.060016239964791766 
0.039724961678045380, 0.050125679399324809, 0.071979802247837857 
0.034914545804215817, 0.045851009147804919, 0.034710789132110967 
0.042747401971478305, 0.035733600949273012, 0.077206878502621243 
0.078850159028891226, 0.016566925897665515, 0.071280606692929974 
0.050859002214905295, 0.009088331851798349, 0.036556004495239304 
0.058626991074227135, 0.048180674496289752, 0.063451955245110686 
0.075324443120372078, 0.099485685591754955, 0.024830821699230596 
0.049150787641326549, 0.036685539009150080, 0.051489980473186273 
0.033405130498073171, 0.085537681408638197, 0.055070230153394704 
0.066248110075413050, 0.067711926765552155, 0.051483956323433867 
0.078390561027006297, 0.084103115042695867, 0.073450943212735834 
0.062384534999175505, 0.015037572435865195, 0.044160904886211390 
0.044403779527363400, 0.064776214786135738, 0.049935023195471280 
0.060495031917971370, 0.067538092703568434, 0.027348292236122455 
0.073725018133098202, 0.057829491461399672, 0.088814012384359028 
0.095493756276689809, 0.043153275605882217, 0.018773136491298897 
0.085504539337060190, 0.023396038733598658, 0.038693394399326522 
0.055486022254341093, 0.008443658735150007, 0.057221021320550396 
0.053000361162840119, 0.037843547350411740, 0.082274603196746107 
0.045192937712788581, 0.011709383243684431, 0.044980295961054788 
0.053564753990233221, 0.079644755262496217, 0.069854385226296750 
0.101473934106254687, 0.081835789668141826, 0.040120247823956165 
0.018067502462989837, 0.064309319175675228, 0.038649834396845488 
0.088028249141840223, 0.061822319583196950, 0.061610705155731194 
0.070940353871626352, 0.075200298299230375, 0.074234942349571661 
0.105004582346318778, 0.016488400329394279, 0.054059455388042084 
0.101565427566510214, 0.067958646399060685, 0.034967224206581708 
0.078991796792053981, 0.029473908026766041, 0.053493111058649227 
0.064572748919527356, 0.103522368989652114, 0.040880967193747383 
0.020858719790985483, 0.045216655522156236, 0.066013060904452650 
0.088447469048880276, 0.042602278716935560, 0.090919473343150967 
0.084489512406413420, 0.052325210246823420, 0.075975496197613915 
0.080537588667657353, 0.059841905784406166, 0.041048913548959710 
0.096569067225669783, 0.044050544553090959, 0.083802221094997756 
0.083176154100720920, 0.054525197166764218, 0.059241562272121025 
0.072193848332824009, 0.065151192303935221, 0.024775368057081464 
0.095820812263391134, 0.079166997152048654, 0.048782621384889202 
0.080309911548367627, 0.076814177700870540, 0.067760750342985149 
0.029811275424658550, 0.078100897514727791, 0.058414230824667471 
0.065747230100294929, 0.027973855757197699, 0.034016564102483084 
0.000531545791857552, 0.050798822710012369, 0.037421835711991966 
0.103084561030519717, 0.014569328564381638, 0.044642939488511467 
0.039429777510451042, 0.090024978496137900, 0.027078438392992909 
0.016774390227233878, 0.043635474444194751, 0.038891108481509021 
0.090253290567786304, 0.051016538572847617, 0.051381741439929220 
0.111823500946127335, 0.066321542694559532, 0.036611180375618294 
0.025735750620935451, 0.034703515954946237, 0.052500867586255613 
0.050834019885935673, 0.075024288206624393, 0.023941140736863705 
0.072379971412371083, 0.069583522773170148, 0.036328718973625815 
0.086447557943707065, 0.069797274301552012, 0.090002064760189932 
0.065406792365588121, 0.040019602599877531, 0.093936539883930609 
0.104736401161319062, 0.045502618224627187, 0.000529504215397702 
0.053996204259258433, 0.016977963661133057, 0.040841733641922041 
0.052620120834412053, 0.091566327425220140, 0.057577544518904067 
0.048981266045358622, 0.024501214547427395, 0.044982450835249634 
0.081767451027494997, 0.025521577171377968, 0.021032657511863680 
0.109301512362321579, 0.071097899115524998, 0.048450428491491629 
0.044103303394235328, 0.055425676870034607, 0.059531041626663755 
0.074602308978544168, 0.034658222556140206, 0.095705604658667856 
0.085431657838116973, 0.064784910253173289, 0.014916591521105003 
0.056437907874807666, 0.072977158323890484, 0.054311332661097465 
0.069301601028859669, 0.045392143452327553, 0.060628102004512907 
0.034693118869690169, 0.030276474152876817, 0.072261260588398227 
0.029103983199122642, 0.023502088443335341, 0.036363175311255713 
0.114990663822937420, 0.050473144504104291, 0.051063638677510438 
0.058386038079195159, 0.028362846846816257, 0.024887554341048772 
0.038287514493956905, 0.083472573374399464, 0.048153836885373183 
0.033854606944688712, 0.039991114594452593, 0.045946510869689879 
0.031707447331479226, 0.032555659840285717, 0.032701159426175568 
0.069593951277014746, 0.093230153773524560, 0.063148696035575339 
0.043379336086206685, 0.061043451046190966, 0.084900117831664540 
0.058458417289709547, 0.070073838849952733, 0.089960365755966762 
0.058987077817197878, 0.040807951582099607, 0.041595455793701809 
0.073118614390483685, 0.012036515131299989, 0.039111222951986359 
0.088962967219482297, 0.023523675875025796, 0.057025246573726714 
0.062489119468535331, 0.025103898736984067, 0.055664988660299272 
0.081531147289329975, 0.015473832767465868, 0.043045179339016408 
0.089187393431056264, 0.078323597434863446, 0.073917479299208541 
0.036950542782824419, 0.070571014834261425, 0.026440946786472058 
0.079017270277540935, 0.069889764648929556, 0.052766815010591536 
0.027594725163320091, 0.053028547925449983, 0.068262435653575329 
0.064141215690042955, 0.082332860718365486, 0.077986562448482635 
0.041430553154833558, 0.051142686549061032, 0.083872834432106663 
0.083778627701060746, 0.083936554869088173, 0.082112691358262796 
0.065106387653102005, 0.016885664022910387, 0.052826987914092349 
0.073257848102685486, 0.019710206162628856, 0.077476908100287026 
0.092892989324087016, 0.033421983315249489, 0.016431243077501316 
0.048664298744304682, 0.048227228720573397, 0.066000689058424059 
0.019073624136193651, 0.082854660945625089, 0.022477519895457168 
0.097053767401380664, 0.055732329119283476, 0.044722475859204115 
0.023883396666047194, 0.090758882078741623, 0.020587371075428886 
0.071461428797665635, 0.077478996973062819, 0.041616005701364284 
0.073644389194796558, 0.030046110751136321, 0.041997833454147794 
0.092664199582384518, 0.030752448093479868, 0.038815053103181972 
0.029512267199601254, 0.058162682921045962, 0.047698214516240824 
0.067333322976400600, 0.051281530225419855, 0.020183550338932092 
0.091567827013812331, 0.017801539394010923, 0.047100447469956327 
0.050958388079175437, 0.011539625795469745, 0.067900621569063555 
0.031595094270938942, 0.063045368409211336, 0.086184490210148540 
0.057246679568137483, 0.035597847128829595, 0.033421702879393500 
0.094311605152053876, 0.065585012274918114, 0.043811494323828339 
0.079854237962504446, 0.010641176327544020, 0.048680066289378709 
0.064229937758599240, 0.020487776021150386, 0.010508704780604165 
0.084334334969278724, 0.023723983487651118, 0.075655022769949870 
0.111973536826642031, 0.039135574391597767, 0.037423221661833046 
0.109821473616350904, 0.038811753172146267, 0.028064965408366813 
0.089007519371807578, 0.047350190832710373, 0.025486353727447571 
0.061149859113314546, 0.063044546348972844, 0.058808775256636497 
0.073000478425159235, 0.022114898142134500, 0.086367364544700509 
0.055606635919567660, 0.021805515228041982, 0.070799564999603298 
0.061826076328112579, 0.078277549021560353, 0.021318219116561676 
0.093381778823643985, 0.084117188361859205, 0.004898135528479575 
0.081203271568142416, 0.061584360997631753, 0.053051368299118946 
0.108408000429542309, 0.062183807128390479, 0.028409848297303648 
0.072546109822296062, 0.056401325859197139, 0.046500934818231511 
0.048472638989366365, 0.038348494403093410, 0.040134970848891005 
0.097755255983705394, 0.046546033320688927, 0.048117043455663130 
0.068090778019576859, 0.052973393870270079, 0.081874010925736970 
0.055439342368992305, 0.038104396765572826, 0.059228110423970130 
0.098615107249870465, 0.047192698830635996, 0.038069052341864688 
0.077271856662726707, 0.049249808565463023, 0.093339724555713793 
0.101870575843957867, 0.072241751006361529, 0.025245894155470218 
0.062061082015414125, 0.060423647416350923, 0.089814522512021155 
0.043845115861497891, 0.048293186812111810, 0.026466669447043054 
0.028543848369236527, 0.073487134668613271, 0.079378324376671305 
0.098052005609199466, 0.030852066422786640, 0.071803293700581694 
0.049283166266618772, 0.054953870131374601, 0.076848835781515731 
0.082832041157896677, 0.044844700980157151, 0.015633924332685897 
0.044559071673062396, 0.071157882063723477, 0.041802835531990483 
0.055126424974457182, 0.037601131365472960, 0.023451319167714393 
0.089140633269866168, 0.086861458764408386, 0.047948964984027544 
0.054174702923640947, 0.046880095019785344, 0.074701742412756400 
0.096041322608174898, 0.043784557087327890, 0.058352978146682125 
0.059667967831114214, 0.060947876825989587, 0.075652037120391522 
0.074601957656679818, 0.094653483394812304, 0.013515535794355897 
0.064930408167893652, 0.088515757530278183, 0.019571391931512673 
0.047013484776299075, 0.054206158028653931, 0.040737390115808993 
0.077172395799163337, 0.076945495833609032, 0.034856446694280778 
0.073989160846283056, 0.091059136659379786, 0.027484393891494506 
0.112912940730114944, 0.037498332261624773, 0.054468581099707189 
0.082632432631745537, 0.008542333180560370, 0.018496562505358513 
0.032719847817386551, 0.022343650083292966, 0.066493492116961664 
0.053435183406377956, 0.048209942245619378, 0.054624834191902179 
0.065594450332327914, 0.037523136749638981, 0.057371092276900813 
0.098194672435915703, 0.060304022375569255, 0.063694279278962290 
0.024223489818002861, 0.024100864993396962, 0.049700118727063050 
0.087175923365898383, 0.062835182756111524, 0.029627771574418604 
0.010102330750954043, 0.061723226996954046, 0.046187053340036366 
0.062655172601142228, 0.081523006345795845, 0.037343548238838571 
0.071649834025809947, 0.078184577093270105, 0.052119099104523080 
0.065756405913490870, 0.015867636245548836, 0.082240513622703196 
0.098491034054063190, 0.051648164751761587, 0.021901970569176060 
0.063913119797480683, 0.018278268944413877, 0.035583467945489423 
0.042956062870676784, 0.040872539684609369, 0.086100439250534774 
0.085255345344780048, 0.087081486199615338, 0.063334354443558741 
0.083473273354264715, 0.059428765642402591, 0.094624778561023387 
0.088761901723103290, 0.044476654561153572, 0.079715218759781700 
0.042830747187738702, 0.027933568750410795, 0.053272435362674959 
0.066924203361012055, 0.029803492344014297, 0.071640292299124900 
0.103436793291071555, 0.036654252311451391, 0.020335123857714316 
0.100920641334535405, 0.080848053190299488, 0.059625324778363548 
0.034638464120598782, 0.013654500571180474, 0.040893595561030102 
0.088022464112473248, 0.029254509308683015, 0.067151890759231836 
0.037543653232233361, 0.046051929592967743, 0.062398889272233089 
0.081335642403042099, 0.042540537433792880, 0.051006210125380827 
0.045736294726635165, 0.083183960415678063, 0.073701498038455646 
0.089139045022260735, 0.083258587349094040, 0.022285217018964815 
0.047378737973234240, 0.011055220088184150, 0.025460045154340721 
0.091537487981783253, 0.050724962428102004, 0.013983073976217121 
0.062719715282388636, 0.044451888465957344, 0.078673203764865807 
0.098512985893411328, 0.022822738907314118, 0.054629305227660532 
0.045558410546227272, 0.087332191359198841, 0.064170953712850545 
0.042948031916382412, 0.065733771316304035, 0.060189669171552558 
0.093605017914882530, 0.087725288387909342, 0.041174398900021128 
0.038569245668239667, 0.073994716152979992, 0.050232836276034018 
0.076068494528917494, 0.050821851910830204, 0.066811711422228262 
0.016412152824277444, 0.074791495382463644, 0.033073323128604809 
0.093555670898211207, 0.034525824684916911, 0.087449681096323700 
0.062843678821257035, 0.048072348492469365, 0.054895015855912693 
0.022529260471266299, 0.062762240580485962, 0.065518031821738848 
0.089872386990153375, 0.070137021352948359, 0.053414805364654719 
0.095575582771877235, 0.048019893041819833, 0.093957615602526037 
0.044077545780337540, 0.023426243695336021, 0.082286519879145203 
0.067956427440321307, 0.068039028500097604, 0.091230845099963029 
0.074165933629520550, 0.031340527010816951, 0.031502476260230457 
0.073217685481960754, 0.038309498339956852, 0.066525349331850045 
0.106032813494111949, 0.064359565522509585, 0.059117386253840283 
0.097649615196570991, 0.018380527581856869, 0.011842994116893284 
0.039193923768101054, 0.060802531398019083, 0.077047457344209105 
0.036087243365580259, 0.043759763227023740, 0.080162813388933316 
0.038593045695034155, 0.040152026853095775, 0.027692837731038158 
0.115029329504561822, 0.043142400256080266, 0.045478221726007503 
0.012915862141700638, 0.034597429054394446, 0.043465715149680999 
0.044885150469279718, 0.039972698701370719, 0.096493415664943377 
0.062003259549271779, 0.047197385387809793, 0.035211896818024328 
0.076049943460284139, 0.060540953778895047, 0.062585021498743773 
0.040697416698406687, 0.067709292830701540, 0.069344824620104148 
0.067983572957633867, 0.082763438363603045, 0.028149113690775912 
0.042339633596639836, 0.071208746512291393, 0.080270464107664946 
0.104127822322183483, 0.023264222168405759, 0.015395603605707282 
0.042747768037804612, 0.011256705465867007, 0.062272154682553649 
0.076074550557638149, 0.093602106361896364, 0.047088262325937137 
0.064014147128206425, 0.060005166032414826, 0.020835275427956140 
0.080692966906714333, 0.049477470036506023, 0.042990066282165257 
0.058765907781881559, 0.082267935867157263, 0.051208048306359416 
0.092793304321976619, 0.071429268985856165, 0.033170757753850352 
0.030018828674511156, 0.072468948135768055, 0.067348605810011980 
0.108579076116371187, 0.030214146943055489, 0.038270771101694662 
0.083806962029543783, 0.092557630158832047, 0.013533244764453918 
0.047287533338970435, 0.030076621629268756, 0.060241764511492935 
0.022638272462251238, 0.037100557034918887, 0.061827036873862505 
0.070869400260892099, 0.015469260232365563, 0.018291941307898022 
0.033851709420565937, 0.030365649213146891, 0.050737849265574259 
0.052773416164246495, 0.062599760504516128, 0.024357649863618602 
0.014630046515397892, 0.028953846945499680, 0.033403161608773047 
0.027852293241758395, 0.071249023940599732, 0.030007516304888456 
0.010007682591419263, 0.052035976337414656, 0.044281735882450858 
0.020405560713363673, 0.056818725443921067, 0.032290960852080559 
0.079042026248053510, 0.080190231045931315, 0.020799896702655172 
0.084597064614101852, 0.014746324799309299, 0.055598813021167065 
0.022757051982733194, 0.070259340184109009, 0.060617073048339729 
0.058086579417172358, 0.027319289739117746, 0.088621330483557664 
0.093281588174304347, 0.086977605434085073, 0.058146036127495387 
0.036758533910119733, 0.082638127826037175, 0.064612131765552708 
0.086981327791363208, 0.018087340137639456, 0.066133694474137319 
0.070564443376339145, 0.078076386215715346, 0.018064086729169645 
0.100860211687274048, 0.051239946672517966, 0.010981184491086744 
0.080152528604923071, 0.015143197964140414, 0.033049929798707502 
0.082320485451737063, 0.017639724222141807, 0.015614074333149821 
0.037088312601289343, 0.051336397933150799, 0.043360200080570413 
0.034139025607935712, 0.023013089585869506, 0.055403565318755538 
0.092161921823502635, 0.063945253680905922, 0.092169454688356411 
0.100125752321586409, 0.075349912953771150, 0.069344091152045775 
0.106182774206125236, 0.047321036364277119, 0.033516727739778387 
0.097806602518177924, 0.035943816352675954, 0.051613118422958369 
0.065911900016271521, 0.051260193853844678, 0.094194022834975272 
0.042999832537053355, 0.021016180104429807, 0.025307128798058135 
0.058416422196092305, 0.012440900791390208, 0.074952065323409547 
0.094502048567572661, 0.019883788195567249, 0.035435486311112790 
0.025264920857285662, 0.028363027967797355, 0.059391254302858860 
0.048865485713325683, 0.079092139604261633, 0.014520668885404629 
0.050870877778294250, 0.063508098919293252, 0.042258067482614646 
0.070051862706758214, 0.010090895498285929, 0.046370150536508448 
0.070685707780742901, 0.020659876238468280, 0.058345098137820045 
0.076651582906690482, 0.057334613604325083, 0.078361610385302150 
0.048355746625134602, 0.091633506950376517, 0.024188319489325944 
0.087846193527698652, 0.060855162792800316, 0.076981444209096098 
0.030648675800525649, 0.024169968528411193, 0.026600816158883368 
0.104106379989152939, 0.035624594630599166, 0.080243301188745800 
0.093657952663841790, 0.060210370051335962, 0.012106396138679539 
0.040255655824971176, 0.037998641578370206, 0.054246708519468785 
0.097494329660415269, 0.062465136281204835, 0.028707569835005439 
0.075296211252458320, 0.083524305473758970, 0.061449937876930351 
0.100924638994282528, 0.040047984980724288, 0.010871989845634589 
0.062461612465946670, 0.064907162324236184, 0.042638645590512808 
0.090935069886803402, 0.039489243365705834, 0.067725763638568554 
0.028272473302818846, 0.048007950675798272, 0.048389511457344665 
0.067708686943519433, 0.101972043830753645, 0.024276159711770495 
0.050255516443787195, 0.070173007958178504, 0.084873876067797435 
0.100696255359141298, 0.053804484153873393, 0.055548369996908362 
0.082308670856222441, 0.034376202122502905, 0.015349918405996206 
0.058319363865306117, 0.054670906973562874, 0.024394676252998793 
0.106069493202321771, 0.029961145483314834, 0.059177297781327708 
0.059935137959007248, 0.092949445327644833, 0.051028255420704480 
0.042884482751858431, 0.089923182836921411, 0.054986839984855714 
0.024702647858064853, 0.082711664701800428, 0.049512596624803472 
0.040156534502832228, 0.015601532876004569, 0.070139684903774133 
0.077500067815715598, 0.066966059030809058, 0.094244174934071098 
0.100671858983591156, 0.031998150566419387, 0.043004415328013801 
0.067118727007063894, 0.025323834661186227, 0.018378058866318200 
0.034988587503135354, 0.088564692783206292, 0.036216830155716022 
0.077472147601930524, 0.061681717385081505, 0.032145230834928290 
0.033042486900183479, 0.054163358741148318, 0.078382781943302518 
0.029168166842821426, 0.062057877117838715, 0.072419613717640621 
0.053126247486007847, 0.019351261292555332, 0.021797788542742072 
0.096288754272367244, 0.068495697997204244, 0.062448600819735779 
0.033041629080620277, 0.053099185126990099, 0.057484459522259217 
0.113537548246799652, 0.047503043411950351, 0.067844527179403966 
0.068665464096912876, 0.012601528111506862, 0.071208639760286685 
0.066080797147445650, 0.030706907278410897, 0.093026623372124181 
0.059896877592955769, 0.009966079084780709, 0.066344545436844968 
0.062173332386490060, 0.051668596087536718, 0.072491020724205282 
0.087523964049531999, 0.018576813632536392, 0.027096063099235519 
0.088797057600886992, 0.069017620686477668, 0.069478911918682551 
0.076360235653971181, 0.037638306369065698, 0.024435798564141954 
0.027328907851310529, 0.062079133634762133, 0.039089183432531371 
0.097404414335101872, 0.070171355015992837, 0.085808442134079579 
0.096678191990803936, 0.081240498812714584, 0.028039824701033150 
0.084495872964800586, 0.053825608804180448, 0.033287851861086286 
0.103452765460580548, 0.060769519201327581, 0.010122759461620025 
0.076277522041283116, 0.029352966436927180, 0.078780198978880250 
0.067058134955261070, 0.038072937789071670, 0.037097204764370305 
0.089874338448831262, 0.025538839430612314, 0.084586901026424396 
0.088472365556071894, 0.079660873711001140, 0.053042502534173072 
0.069485401866366606, 0.076061464581731381, 0.064179742397879352 
0.051577839975821556, 0.079698744097627630, 0.037517830723203985 
0.026145496227536588, 0.046837192844925629, 0.058880033816526310 
0.052941865111313165, 0.069416936988314012, 0.033860008766816517 
0.048913327184848122, 0.080426027788018203, 0.047965544530005157 
0.021780434696037229, 0.035229718898591035, 0.038132591923610015 
0.087979829276060864, 0.035322587632040728, 0.056669216785205812 
0.082259699062075448, 0.031989226136982490, 0.037658955054665176 
0.048300429943272084, 0.016464790347229159, 0.076990018662505155 
0.098653974701416847, 0.086347882840144843, 0.049919982062218184 
0.085455256811732105, 0.049829173418118003, 0.097027798035358312 
0.068304054503071018, 0.021859242847097005, 0.044073497031495969 
0.105072201284501732, 0.030184626767620085, 0.028185739554004597 
0.079495300258035501, 0.022288511252647056, 0.060649456003872428 
0.072087215010931793, 0.042090848132392701, 0.017680674181098432 
0.047130933506112964, 0.009425231839933268, 0.054239183584061580 
0.030505137007639977, 0.068784794376662114, 0.054005222179943253 
0.103384019824083961, 0.047388898176719478, 0.064610501893461292 
0.069328642184181680, 0.029176156151520114, 0.050857115679072626 
0.031099200569529736, 0.061180535997418455, 0.019483579701106798 
0.117155181160156011, 0.053782335497439944, 0.043233030569466611 
0.095392657430586086, 0.034876164603316946, 0.026872732522982393 
0.081370772330589772, 0.077467910101777865, 0.057647792766309686 
0.073350026979597610, 0.085192215100843627, 0.081421053985338554 
0.077569403399296008, 0.091842188346569320, 0.067980731716916071 
0.041269240303396883, 0.009016485636529195, 0.035298203701140507 
0.051416751936151132, 0.063549851240981059, 0.058833904560235781 
0.070865348508007117, 0.012333112069436224, 0.030001293008362771 
0.123467111642450084, 0.058558652105985223, 0.029198137522621175 
0.049138011789712131, 0.053427290110151793, 0.089545216687819465 
0.056316044179930955, 0.085751215471349701, 0.076333778205635111 
0.081133775043693054, 0.050619454957514652, 0.085848882065136370 
0.029865715980205057, 0.087945714745266135, 0.027815198441285948 
0.080524624637410225, 0.075841470572758557, 0.079215325146461554 
0.027816944953057383, 0.014670962737273708, 0.030384809076573947 
0.057353230067121182, 0.028852312968930323, 0.078711906311965354 
0.082754083003147891, 0.024061235345600805, 0.047573563779438235 
0.061791221703583234, 0.078699016346324618, 0.085926209769754042 
0.090812296562556447, 0.079811883351359886, 0.013545090034241687 
0.016934895602587045, 0.087491455034342858, 0.042564516247064615 
0.044874599578300145, 0.018465302528023305, 0.036480778398994919 
0.070493864511391710, 0.037357652285532519, 0.076811575489467265 
0.035625251095565517, 0.028509114646128122, 0.018256976309126760 
0.064109343110216210, 0.074954033181703683, 0.045974440179264213 
0.075205682652501743, 0.042394277413169618, 0.042145562987450765 
0.074136828918711317, 0.060144438298967325, 0.017066686574911113 
0.095455388906409741, 0.053120461999369060, 0.079546872940464086 
0.102190123354181192, 0.050091872184326508, 0.088021225630133024 
0.055378449463095086, 0.095651638240594750, 0.031755198715308249 
0.037246897800760924, 0.011194028182053577, 0.050530967702115376 
0.018396332179568327, 0.038724568848604417, 0.029948357621295989 
0.055739473742848163, 0.051237437292963248, 0.039505920965810015 
0.050813055956786542, 0.046046085483341430, 0.045740214360603465 
0.029048923242589772, 0.053266032309842323, 0.028050529835710422 
0.062346230972700284, 0.043939722320909619, 0.019441140721877137 
0.042938298208579348, 0.080364351443053747, 0.023814915562395456 
0.052220444447875124, 0.078279825424200936, 0.081923525347893697 
0.073382947568768800, 0.010342609084068520, 0.055052973050067074 
0.038286834735548912, 0.076745111785100462, 0.072241258061080255 
0.095300802866188444, 0.083626752513968283, 0.068186395788676218 
0.108709984306262164, 0.075013794207489742, 0.056275390412981866 
0.113861218944896939, 0.054991090540781599, 0.028083818055021151 
0.106980325712866420, 0.065787268496670381, 0.020463944322640527 
0.056765381369812823, 0.035251717000297098, 0.092862480127453531 
0.091888723333910211, 0.021411357627396266, 0.018434168613129003 
0.018881755491422292, 0.053367261184313106, 0.062421833846873553 
0.048470997003839528, 0.057717213749829056, 0.098975222124990811 
0.104733704995432414, 0.063884665742204291, 0.043395663248025955 
0.035700250582155146, 0.076483789878916186, 0.038713858593769281 
0.100892066440717382, 0.026119597233848185, 0.034601395384067007 
0.076206126495646870, 0.067856091691575401, 0.084375460541539868 
0.040975758182234971, 0.099526022825665098, 0.046764227904860962 
0.003519473272658507, 0.033682522337716077, 0.039749286531208877 
0.087763805151587146, 0.056745013783616641, 0.044335646885363393 
0.031821228152005665, 0.041075169909166903, 0.055699950898227206 
0.020380371388965392, 0.021392039775017090, 0.031160034732927725 
0.108073225301875062, 0.056014279997341064, 0.018954279020529735 
0.056123700790686570, 0.064599955201960976, 0.050252980575481436 
0.093717645060112001, 0.052784224193555294, 0.061013724244046427 
0.060327397823503402, 0.033138858171437323, 0.050988992068544660 
0.090987042243718563, 0.040818231239071183, 0.011499904787206272 
0.085649374126747238, 0.032779258156093956, 0.093209074004763040 
0.046915194256424382, 0.055792707285856148, 0.050203095308537511 
0.038334499082082869, 0.059347527354417326, 0.025652999477317927 
0.089587681662618115, 0.042234640300089769, 0.049048353615439799 
0.085118510988944407, 0.099471459001160958, 0.062096267594045781 
0.073903287949617522, 0.067679364096929859, 0.045727905299542453 
0.078469600675400861, 0.102480933459602741, 0.055364448044015246 
0.110281422633115120, 0.047369130656474398, 0.024587720017388830 
0.082605210912799529, 0.037929505480601262, 0.082739168361889839 
0.026835030716494322, 0.019825216186207681, 0.057911857822322881 
0.069593242149320292, 0.058176548281245209, 0.071230861136001480 
0.048816319119435229, 0.031593478897930891, 0.087648971142906970 
0.018359463212168275, 0.075876861877153257, 0.045988697006724047 
0.062805843984164417, 0.071970120509812149, 0.036125183263768262 
0.104380422176598611, 0.077679752201332025, 0.032480514456029091 
0.098400251178797443, 0.084659037133816173, 0.012580334159142141 
0.038784675716758574, 0.026240548769273345, 0.032165219419985000 
0.066003486734100905, 0.055061619286163523, 0.063032821526781344 
0.072246793383033747, 0.047164455132251128, 0.050067476847782122 
0.042530151968628561, 0.047711259387621802, 0.096047680902865543 
0.034249395016145878, 0.003419053106371166, 0.023724606394542679 
0.028151633025353780, 0.042565246842063836, 0.039145356949949812 
0.068033578989033575, 0.060425261709012155, 0.096026464405662898 
0.122521781736171786, 0.038632867230268375, 0.046399960858792326 
0.087290049185358251, 0.039165623141236408, 0.021635311114882476 
0.056090337720191924, 0.026046889702594507, 0.035738472941696360 
0.022054726046958614, 0.053967664274902086, 0.052603118422364842 
0.048104765729444776, 0.073736338373173962, 0.073850618601334392 
0.065795101854230917, 0.010363064805554253, 0.060120905844546609 
0.071334723841490782, 0.065869841613423269, 0.076341687458775925 
0.071386778077522417, 0.047532812529660448, 0.009147766211541609 
0.093275040967248812, 0.023166455269700764, 0.074288830633380945 
0.118040331983446392, 0.053160008963352233, 0.061147941054097286 
0.090499337945394526, 0.097984011357977061, 0.044580077781077462 
0.080795684206368706, 0.085275473886623473, 0.053024383884330985 
0.053496032277413466, 0.028333542029157603, 0.053087678674723762 
0.066514197405884282, 0.069121781282794628, 0.018386031889022561 
0.090022049610893051, 0.077524184102147786, 0.085192684632712692 
0.057455313555660269, 0.087065689902077137, 0.031170050936414385 
0.023961954358445930, 0.030430794882947584, 0.029926508892418002 
0.053796261011936949, 0.032779909428392082, 0.043762064186871868 
0.052450497784641233, 0.047564103988315842, 0.022792411577565695 
0.042198318439461695, 0.042979572718654858, 0.045104576201033628 
0.083058526744819935, 0.069258575195931510, 0.038248551043904198 
0.069125698504015232, 0.090524538687707129, 0.074277028654428215 
0.023736197276641051, 0.062567722486451455, 0.021183013229369038 
0.043734817703145856, 0.046319577196289950, 0.036312705295152452 
0.103895131364098753, 0.040266702070249058, 0.042863926653250443 
0.101266724059629831, 0.058221284908301210, 0.036888264747078278 
0.093186035037516046, 0.028111015242485497, 0.048778994336069852 
0.049062174208549275, 0.028434861154037584, 0.077144197989770555 
0.086782446550313197, 0.087040001223391145, 0.072283487749149389 
0.109599114714264131, 0.019212910777744719, 0.040307423792493781 
0.030085622025564106, 0.021421318346212814, 0.078521882190568618 
0.050096040387931008, 0.041644619063629679, 0.090964038104380612 
0.115578409062511461, 0.047796828416362215, 0.034775965037492869 
0.052272296846577096, 0.065904154111525629, 0.068701538358755254 
0.114094398843354025, 0.058032882020736795, 0.068953385554739982 
0.063543861878548824, 0.034132186993381927, 0.018741964150893620 
0.034302634868330656, 0.068531123431551433, 0.076165569549387344 
0.040826359344843362, 0.020507115931458268, 0.046736045620984275 
0.056378859822449182, 0.086152922255045478, 0.042573335878858108 
0.085117222795593930, 0.097084625675752698, 0.026626584304329525 
0.080304203343861055, 0.089192952518253224, 0.035017255619480457 
0.068018627218767377, 0.065915460909424767, 0.062218262720727655 
0.111979208363124291, 0.051321104509413226, 0.075858731250486700 
0.051410196082466421, 0.046935971948587035, 0.084162369722472527 
0.074096104228571422, 0.071370756779663549, 0.058956816273427880 
0.090741865559395660, 0.057569684462315085, 0.022173771324582356 
0.100243342676199401, 0.058845446047500381, 0.074072293021658811 
0.022772315771059124, 0.064079303084168621, 0.053222838412618441 
0.091561068390083544, 0.060039437611170379, 0.053225138945348666 
0.028942117119481491, 0.039634118152862476, 0.028394528605499337 
0.088398626520715784, 0.087600845630840016, 0.032172220869050742 
0.029243557280956071, 0.031713869243894008, 0.042292254835496645 
0.054722231701996402, 0.084201400036782129, 0.021834313353093149 
0.107602340254457154, 0.054428363249958013, 0.083403535074680415 
0.078632405144125617, 0.015742772835186748, 0.023584893201442327 
0.042638332100174620, 0.030808655618559402, 0.068418044562479297 
0.073563970257054773, 0.087476543990958000, 0.018326518547039490 
0.090493234583558207, 0.074761355830663220, 0.043051141525668878 
0.074961378535105302, 0.022108218078309459, 0.037419851337980835 
0.059378166659026177, 0.024178490900269724, 0.045737588869565998 
0.078388003984737012, 0.024866594360798720, 0.100450414259848853 
0.028757738575709860, 0.078124685577886002, 0.026605098245592197 
0.055079261042236281, 0.062275399484136865, 0.083186849336709084 
0.077327985239190863, 0.073825635495441924, 0.024482409913376208 
0.075713391798050547, 0.055681360485315454, 0.007677302687430028 
0.022078698092979389, 0.075641255317066530, 0.054013399470908913 
0.071653619446452391, 0.087810603206441865, 0.053481515745764832 
0.014690897984290845, 0.049173599956706240, 0.031547563779611175 
0.097364102438886338, 0.040291111100031640, 0.075972964700295936 
0.080588641454589785, 0.076859716159352734, 0.089304044027792726 
0.105973521301216414, 0.031366582415053836, 0.068768115445945827 
0.056324537118025639, 0.009595941718291461, 0.020278755730862595 
0.063950671475760251, 0.066694493865479251, 0.069962295285340176 
0.056819876319097580, 0.081887972533603318, 0.061911746140377102 
0.091394881796543800, 0.058259584984866948, 0.069708112156252305 
0.105701774283561006, 0.054322942749707379, 0.047959195286649436 
0.011060386458387297, 0.065299818956869093, 0.033365165667775885 
0.037479682453993191, 0.072603264306150037, 0.060672129693798295 
0.112051389699636489, 0.038578267347713711, 0.063927564602108036 
0.069239093877199578, 0.047475065363440129, 0.039914821568446321 
0.029472773222001088, 0.053306358451079984, 0.038012205191363675 
0.045212058704709589, 0.067842191477915481, 0.024419237429591130 
0.104880602140632009, 0.046174497452890408, 0.017767881613541075 
0.080642699533026413, 0.035538255944286820, 0.072702386021403761 
0.086157395486051877, 0.050034424695895099, 0.066276252682876277 
0.051667782076134934, 0.017598376381115340, 0.092737380118508336 
0.065165443927552011, 0.022018222390073360, 0.089934500906632617 
0.056161105861232317, 0.057429523083300647, 0.066975758704262200 
0.014822419260462599, 0.051890417639462387, 0.023504152579788145 
0.015657330145236265, 0.037938867094447257, 0.055732204747340489 
0.037038237155485217, 0.060968085773169846, 0.052980138332358782 
0.057312542748131121, 0.016699711603297966, 0.060076287165746388 
0.064277600410276831, 0.075297017267089220, 0.057081448533197618 
0.050703773248937427, 0.053596020005654416, 0.031461922716916994 
0.021157359194920435, 0.081027754891132481, 0.039976272654939950 
0.075757694171454157, 0.051313488839285604, 0.016541381881930089 
0.075511557044572658, 0.055517155984900840, 0.097934404279074183 
0.105562535596989485, 0.079650631354529322, 0.048070020825756211 
0.099619920659441294, 0.044199771313687151, 0.027354485796818640 
0.088049514784239669, 0.014590959827548617, 0.037488486958685632 
0.048635138189422798, 0.064597345997315023, 0.076703280069816276 
0.100506047832510978, 0.040160047387319507, 0.089796198655789153 
0.080819236869012795, 0.052800758100102790, 0.050854486945219768 
0.100029085327870013, 0.072246398543389281, 0.044516701758415829 
0.074131778603324552, 0.001532526337567053, 0.041336710524320509 
0.091135304697126371, 0.042533331519950666, 0.103498855510068433 
0.038803169727030663, 0.023609473364012423, 0.075288126955739845 
0.002490856953487865, 0.039416580912003472, 0.047062139881858131 
0.071549636127191799, 0.047642056515267754, 0.073393756335127638 
0.081099036278818953, 0.059738404904991736, 0.069521201730863777 
0.084080563232307920, 0.091897226077921196, 0.042748253610101990 
0.102775551724788722, 0.014504737414506703, 0.036263603749864259 
0.072277272612872437, 0.034427963383333982, 0.086013987943145076 
0.058030893897893274, 0.077610480130038934, 0.029842357616850949 
0.099729708955314356, 0.028187973644874527, 0.020215157555135772 
0.070155300952607316, 0.102451297824412882, 0.032790267268215045 
0.023887962114109724, 0.067986969031751651, 0.046243096592244244 
0.087735319757205832, 0.007113328474325610, 0.062750279561891414 
0.025470485009130114, 0.072002043628582174, 0.038674622444138738 
0.062033448128548357, 0.089684035124162981, 0.068704906873754121 
0.063742930551569058, 0.021193732263532713, 0.074570974576100166 
0.046531528099140289, 0.022861543847623716, 0.069483258512774843 
0.104030457808042320, 0.038324736299958972, 0.058135431734072651 
0.119477351244649213, 0.044456338779208314, 0.022899890205992250 
0.028820744043664765, 0.014643073559055402, 0.050598353230113691 
0.066119815039211008, 0.062849695336945996, 0.031881288450041255 
0.082519666353563240, 0.056716152920098836, 0.105468282494946261 
0.093818115892485870, 0.066846015605886072, 0.021485000616773914 
0.075754624391109499, 0.023675671380355791, 0.015674691473826115 
0.013517296576198443, 0.075717627945689120, 0.023516186481141170 
0.082208371711245010, 0.043972707146352659, 0.072205141985340879 
0.056978733722871260, 0.069621474006290165, 0.020135385088518545 
0.117004485778698458, 0.059298041725224099, 0.035104722245152237 
0.088429225839083012, 0.069883230452058950, 0.080157049048803136 
0.071156607078151107, 0.061563783117814450, 0.039362924849433080 
0.109707915172731763, 0.074525100702231145, 0.039831983569120565 
0.015738530698957386, 0.060886767648652161, 0.057166450527874689 
0.053279211599644959, 0.089914428451370598, 0.067622794965401162 
0.118101428310548665, 0.073119849331283321, 0.030612301067957433 
0.118549211918378403, 0.033521607583572005, 0.030289549122966952 
0.097444343875791664, 0.077075245887440760, 0.019178217482169843 
0.067577072074661848, 0.039206480157641131, 0.047798915516576557 
0.074304055532703056, 0.055490507380443727, 0.026249150485200191 
0.039446732267158398, 0.054880245898089174, 0.033369894315050351 
0.110105451788836739, 0.019578923285701728, 0.048386513048272836 
0.057106665087443984, 0.094441155647601888, 0.022390114378140077 
0.077547080593889373, 0.093814632448447649, 0.057909438787440766 
0.055602483020928122, 0.055664314517779589, 0.057301878974428455 
0.064362893808842442, 0.057043008239722033, 0.051558011609939280 
0.046818478505186382, 0.028826886575459839, 0.037335049263744959 
0.045337226806310617, 0.044785723648881205, 0.077113469589741204 
0.038196811251515563, 0.031691152083199198, 0.025360686385170000 
0.023113602975267468, 0.053607995074113450, 0.021453852531121392 
0.055507453280029873, 0.018920545720465913, 0.013099784128790664 
0.080692886719446869, 0.031865492488241276, 0.062005531739505682 
0.020937987205949318, 0.033221617084884927, 0.072581711077522468 
0.050345276647977895, 0.081784856940837258, 0.056396848707247677 
0.023427566380323304, 0.091894909564118221, 0.037156739726803306 
0.021320804604937269, 0.082320528263187878, 0.029943072713608694 
0.062644689414199262, 0.037068318855186869, 0.084924861772857213 
0.038567156718305289, 0.027019724492613001, 0.089169773462062479 
0.038705605011540002, 0.036507969947170274, 0.036752921122755224 
0.090812700204768462, 0.041264834684214997, 0.033112114795847712 
0.088833967714089287, 0.029134024737489307, 0.022763847825773349 
0.067222542407927702, 0.061579859562434711, 0.082467625994376195 
0.118681762677492086, 0.031292109459568104, 0.039661919689733316 
0.110152606337597894, 0.078066100842284769, 0.073396155132006008 
0.126480688517639439, 0.058803454293789158, 0.052197188558704415 
0.124033870351916389, 0.066489911885186978, 0.050072431415853630 
0.054957912445890503, 0.054697631248670088, 0.013478021530754301 
0.122346403851837926, 0.070565566429584212, 0.056350283542508123 
0.036787216826228993, 0.057140841781013196, 0.066747572722106588 
0.061868986592521075, 0.003519745588941340, 0.073445417014648337 
0.049010053642156985, 0.020018915327820047, 0.053416815594057226 
0.115179367598136351, 0.063085831207508145, 0.061646063135319666 
0.071980333745449973, 0.103479821263870578, 0.048308507167396812 
0.090078116756109022, 0.053431045555918120, 0.087010604523335769 
0.008249937706227816, 0.046585559353021340, 0.036425554280490831 
0.080782383972822627, 0.094700698222393132, 0.077896910239146827 
0.094133176940881080, 0.080094296216763103, 0.036342232430692678 
0.021734437170332011, 0.039974221666162178, 0.046674393444261171 
0.056908236732166828, 0.084047198091733541, 0.012520453649060698 
0.084813239297628226, 0.056382524009584323, 0.005476075467086576 
0.081431974261687801, 0.020300770448580269, 0.083424826715487482 
0.105223127883582124, 0.027237240505022912, 0.049863961067865607 
0.060808335357074340, 0.094505644595059723, 0.060705140988835268 
0.047943685589512418, 0.072009076038193134, 0.052684608278615132 
0.083252590160569365, 0.061218667320813429, 0.084986822219457470 
0.017402391046933523, 0.030404745702753609, 0.050676030777238298 
0.081796130131833844, 0.041145305246514739, 0.097726323050598168 
0.039316123984629983, 0.040307123439888778, 0.069975591740460391 
0.093620674665319523, 0.063189331217327449, 0.003468189271982552 
0.074653162451500818, 0.068179042061921616, 0.068106262878873239 
0.068539450715152758, 0.064694635525123584, 0.102597346143084980 
0.085698845381777869, 0.092810845988525500, 0.053775299267039778 
0.099583832058505850, 0.058803748297277351, 0.090421526021847262 
0.071630719499907416, 0.044512976419583079, 0.097564746346733885 
0.054116463775919360, 0.008153089565216086, 0.046004395709236305 
0.078888383969450304, 0.100310583639192943, 0.032730363852909290 
0.051493246913997794, 0.062654306287894118, 0.091076171724727109 
0.044065485398475004, 0.000532087632117482, 0.037737318245530116 
0.076028088664636118, 0.069801048427110504, 0.016137356047414793 
0.061071199114316681, 0.010743244234851179, 0.011464082035108849 
0.049665306306237084, 0.000496444868917952, 0.030422373773477930 
0.032387075717581010, 0.036624020903529619, 0.076897963209982934 
0.041280510225216276, 0.082217019261356231, 0.083372370086728945 
0.093799439506904614, 0.011476397377860293, 0.066369057176663651 
0.062310758787943829, 0.001260375677681071, 0.063545699703148786 
0.035308833603310788, 0.048344607101632887, 0.025263946457818806 
0.040906793968147025, 0.069040358168042035, 0.091474308370359067 
0.054305729229747669, 0.062847619765138349, 0.013498485893851782 
0.108803433718311721, 0.046706870729305197, 0.057947343070031763 
0.032080524839826222, 0.021692198361078101, 0.045962590013450759 
0.097079725521320478, 0.076993618154793844, 0.078515503986340579 
0.084713981464455759, 0.081127353809559308, 0.039997204969269194 
0.117551321130411141, 0.051372558506218996, 0.083849440233277381 
0.071250168494443739, 0.021550739249211009, 0.067595072386595123 
0.022376560074849308, 0.078863779186114757, 0.068878925332401447 
0.116655552915669633, 0.035351587121102215, 0.077290523829361996 
0.017326561670504028, 0.059743073295242893, 0.022481609544313923 
0.064563178078895292, 0.056356776582346668, 0.103480799133097184 
0.099926483021079593, 0.022559569588640895, 0.043419643925295313 
0.089953539026392498, 0.028555739272509723, 0.031327509514564054 
0.039155003972712328, 0.060376526909304278, 0.041904758863628724 
0.087242083819757135, 0.045491184326382439, 0.058053617535766551 
0.036203887071058677, 0.017281509258586254, 0.031921630657191752 
0.039828197883041469, 0.031603350884561190, 0.082275241437698571 
0.015337637130134031, 0.068704906322887171, 0.051811353111775996 
0.080726337189382644, 0.069681394005321959, 0.030180895500592355 
0.028804067115958055, 0.046033940787819520, 0.074362807688127683 
0.049486095000744551, 0.038219198049351040, 0.072629406237229854 
0.048888634354681132, 0.083401458228722580, 0.029356931483791648 
0.030496569409254121, 0.004482901492545784, 0.029530323299319726 
0.118687068530582446, 0.058557453319665977, 0.052544046923839294 
0.083452309740834188, 0.055732395438121154, 0.013852811806781844 
0.091297689039916752, 0.061469761792050021, 0.036994128450718776 
0.057100800594340931, 0.054892579629129350, 0.093449338932708056 
0.048348747971566394, 0.082800236179986400, 0.087916120309277201 
0.094060862437104570, 0.062332272630159405, 0.082940643022919716 
0.070182513470561689, 0.083816053533722817, 0.068845237128254910 
0.065803439052831592, 0.084975021810626578, 0.010471088463796064 
0.097232241698493121, 0.030203927259072012, 0.010953546923794808 
0.085972343231226933, 0.077902651623674352, 0.030491819140830264 
0.036695531909979012, 0.084745133308116199, 0.077405676206940971 
0.059938453054055901, 0.045770509068036092, 0.027626709972821687 
0.046034729972406457, 0.038685611742989762, 0.062894616987062751 
0.062614191492301158, 0.048659484343525475, 0.046229259660358707 
0.080620835148810646, 0.003334843209335496, 0.046625025121183862 
0.073727084492588330, 0.102511177315855684, 0.040355176152690485 
0.109601035096976801, 0.061095781233218203, 0.076628467156094851 
0.087059242159450032, 0.019997885472116891, 0.094447277257708379 
0.110236981394059824, 0.070420057452844784, 0.029382535339565998 
0.109300435694123080, 0.034190991025093570, 0.047339238311343165 
0.076186945488139104, 0.026416871698768000, 0.092771801213399410 
0.054836959506921364, 0.025370418436436556, 0.061389819788232387 
0.018500573807884255, 0.059313140666127750, 0.045594598758278447 
0.077809632852954308, 0.046347464602670217, 0.058788598702187472 
0.115898746937832489, 0.064894623064942744, 0.044200039645303481 
0.089642147664942565, 0.077647897342515620, 0.096551333262141270 
0.094589409890573503, 0.070313973234170393, 0.098664909672997486 
0.062860045970214024, 0.069519340778042366, 0.100469063183535490 
0.067953710311611529, 0.076421575620238671, 0.098481513331393891 
0.085201152345324341, 0.066036977842381009, 0.046156701553114333 
0.067682021629427547, 0.006027550825321441, 0.013260868941140256 
0.069846462922267399, 0.093627728529574267, 0.083725498985125449 
0.103074909416754859, 0.049038424215945779, 0.075346886989358652 
0.036501031413120839, 0.066980965118493954, 0.035354226412546506 
0.029893614257690097, 0.076809142036725231, 0.046818624478839284 
0.094807788244341842, 0.036379478017610975, 0.100525883873888597 
0.034633950193759651, 0.014537408391775249, 0.060268727234076509 
0.022431962777498596, 0.084159740644749292, 0.061900307400763507 
0.027757774917635567, 0.031098659830718439, 0.067706128342763933 
0.099481116083243781, 0.073104804230024897, 0.055062867456049241 
0.063306977883411164, 0.019804752139403428, 0.065121287758814456 
0.065497212130179380, 0.054381344003748770, 0.030550914708604181 
0.087176791467937081, 0.047786797908456559, 0.005354108848202575 
0.077815989689441006, 0.082784403771339707, 0.028929702008929595 
0.040989637641202996, 0.076203934861416370, 0.087512734782187199 
0.021123308379536482, 0.066056702897430875, 0.030361110652037865 
0.054069856960424358, 0.002526895845808954, 0.069369199737947321 
0.067099808261208441, 0.055368411874630180, 0.010437549102935838 
0.090025819730386619, 0.048594102132363454, 0.040700516348504204 
0.062600366800747889, 0.007954096315836552, 0.050049970169223940 
0.097069829893267651, 0.095463925419880885, 0.050292372950606734 
0.045998852054228268, 0.045491996729301820, 0.055731995670777641 
0.045922635426661432, 0.039252527592957324, 0.022569439903334196 
0.110306175222136774, 0.083498953620463903, 0.061074750699275655 
0.060315601371052040, 0.090584664243211169, 0.011510378186048643 
0.047468915819621281, 0.100514846297950239, 0.028165877079311660 
0.051356986671900431, 0.022402579731734998, 0.085799362666682227 
0.100760075436237023, 0.039601823860194438, 0.067139929476013299 
0.055674246886109384, 0.076806362114400534, 0.012749410839388976 
0.085798467604830342, 0.070920110732753644, 0.100637718867899850 
0.037567843133076581, 0.014644853882395602, 0.081684176780600304 
0.041518530602389178, 0.017199979198817533, 0.055004652749550985 
0.107471287256380763, 0.048681317019116002, 0.042208223602680998 
0.068462254955101290, 0.096172159731968396, 0.053093797939900357 
0.119537704477855680, 0.044365686212717852, 0.078902031174458667 
0.070106955091947351, 0.045988533708238369, 0.028944775024659992 
0.047547302586319978, 0.039492282948902377, 0.031012175586875683 
0.051726072698451947, 0.010177133029729302, 0.085598023163169307 
0.038640693773572210, 0.099269942571980546, 0.031661809550719872 
0.095336072716887363, 0.009801406525804584, 0.056739413678953438 
0.060231422176335550, 0.036452852851348042, 0.074889613762674986 
0.045036092270413289, 0.077777245825390001, 0.065430990708119863 
0.104295508363192110, 0.050296088310859771, 0.098252404717740133 
0.081793490468899804, 0.084155451802626860, 0.014160988666182005 
0.065885937935037414, 0.038067082603313068, 0.010512001264546215 
0.074494424736747028, 0.053087043022971715, 0.035875500169997528 
0.118478899591672959, 0.061839894308851777, 0.020867686850881712 
0.097914752709756345, 0.029335192522618427, 0.081069042742980629 
0.064761204223040589, 0.085470919411045287, 0.058672122232048159 
0.087240635549724346, 0.098005909273332956, 0.034704366061598907 
0.070932441970611923, 0.086167098386594684, 0.037214148833550363 
0.048966666469461850, 0.029276311830976270, 0.022101022311816782 
0.094318086023435277, 0.039015629032439360, 0.042323394677998762 
0.048789653899633412, 0.017977366872002156, 0.062048540217367970 
0.044418931342522429, 0.074277201747809274, 0.032446018682647633 
0.081873812801046747, 0.064293652254992520, 0.022521579867218748 
0.046537556197970197, 0.056474416804324044, 0.023541086124364091 
0.076131148679282432, 0.012619511041464150, 0.063401521474240261 
0.024773352601763686, 0.017514621032001004, 0.040967039448568505 
0.058047354035611912, 0.041279758154016216, 0.050578721501768877 
0.075396848191488008, 0.038825240955478728, 0.034562143425361416 
0.117600910428118793, 0.044780073564183807, 0.057046248962383035 
0.092133609585111895, 0.055899782575584610, 0.095975301940188884 
0.074864462940676960, 0.037828810489586091, 0.055837952342323076 
0.082597580189288977, 0.024723402766273415, 0.006475828288363483 
0.041718883893213765, 0.032530432674722304, 0.045086387930682460 
0.071150541318607971, 0.076043224548082516, 0.090755394593761557 
0.070018290679804182, 0.002524065889683344, 0.066704887701901222 
0.058728225539449688, 0.000516993404488384, 0.025283172622579023 
0.109693667473984402, 0.056615466869173139, 0.038171785270358763 
0.030478770052972663, 0.086480240623269394, 0.044210488129664646 
0.070159036705721378, 0.045180455080050627, 0.086553890356864074 
0.114676370794636232, 0.077336696304210820, 0.065613045700738726 
0.106624418927207490, 0.084405383622083066, 0.069661502468119557 
0.071979788239225198, 0.062106612067633654, 0.054495746637920672 
0.037476745917841885, 0.094198193674683489, 0.064696206722265781 
0.109531650799955763, 0.044107489149440578, 0.009117150847743317 
0.082313957409921243, 0.088773611813228653, 0.023428161076735930 
0.062432665761373060, 0.078276314243061973, 0.069093304295209962 
0.120478228664759088, 0.065388671777217036, 0.027181050708987704 
0.026618848500227044, 0.058797479110011208, 0.058462870011503083 
0.048554112554717949, 0.102494443304478489, 0.045266507995445265 
0.048338471271839933, 0.030025698424182134, 0.029755509597522892 
0.064343029646508329, 0.056033729485611888, 0.040589060327481385 
0.090476742974996693, 0.011511269612964973, 0.020961459008720682 
0.067717240598073256, 0.035189512492192335, 0.103511977073565117 
0.030039675165961253, 0.040715714618085687, 0.067502258538699816 
0.043369669916711921, 0.081478130003618379, 0.041840052843486894 
0.105234342199916453, 0.055449060077933224, 0.067239109030534025 
0.081919107232105007, 0.007037088512573461, 0.025423255656643474 
0.059547070139567511, 0.027412283837424743, 0.011922263664937902 
0.058922921912347437, 0.070890585119559771, 0.063814677481366044 
0.061649066822446204, 0.018175805093369687, 0.018729153595300724 
0.103709034041200715, 0.021315938005184581, 0.076082530006436971 
0.035922542711735408, 0.080302782932769851, 0.029250449267340686 
0.055673629337770335, 0.016700968908520325, 0.050679806406259853 
0.100194406761961161, 0.064007145313705882, 0.052157329051602121 
0.071223405479351062, 0.000528845901322340, 0.050125449255255632 
0.083143611356645150, 0.068832661446331031, 0.061945167873908483 
0.009401948322164304, 0.045280503626877501, 0.062414906256981512 
0.046827571423328079, 0.074717900740365675, 0.092667870798439356 
0.077952805548817422, 0.040650742900771510, 0.089708360109316071 
0.101174705644243912, 0.071331785485752558, 0.094074947919794191 
0.063572056470538665, 0.070197813817421503, 0.081700823645471946 
0.063342050300024960, 0.020856416564653348, 0.027101682318937649 
0.071180011445955205, 0.029838755457285274, 0.061207813448663849 
0.065464120469436726, 0.083040857078092417, 0.093866095222209830 
0.068434114996838644, 0.029643636535275183, 0.025495479546192905 
0.110233986511805909, 0.060497899665243812, 0.050493754085094274 
0.103795504440807457, 0.054561396033737310, 0.028348574212974136 
0.011958279183826647, 0.067152500288865866, 0.063446300885843895 
0.115991080863999105, 0.057605699097467496, 0.015524904235349600 
0.088642087268212003, 0.073041347591919867, 0.023440787623820656 
0.041477015829747499, 0.001072749961387424, 0.045617727259808137 
0.010906326145964597, 0.043106194157984896, 0.047002457943120309 
0.037402442565398021, 0.011353803667153484, 0.025858788383975255 
0.078833847917763114, 0.046758029308609166, 0.024230481832547064 
0.006520422262505547, 0.033976846045965216, 0.054236389403825594 
0.119506166905793632, 0.058024158621103189, 0.077958463504788536 
0.056316993915812984, 0.095366496911398022, 0.041927833879735740 
0.012678751888638684, 0.036248065134407641, 0.023765724958489842 
